{
  "best_score": 0.9993705285418217,
  "baseline_score": 1.158506191602014,
  "improvement": 0.15913566306019233,
  "best_params": {
    "preprocess_shape": 0.5696339815984236,
    "k_mul": 1.90078855136437,
    "k_off_mul": 1.621244602247352,
    "k_def_mul": 14.893358589021139,
    "goal_cap": 2.1120097681393175,
    "feature_shape": 1.7552175382111321,
    "alpha": 4.301500054609388e-06,
    "max_iter": 532
  },
  "metric": "mean_poisson_deviance"
}